"new.ID","dt"
"1",2023-04-12 14:45:00
"10",2024-04-24 15:30:00
"11",2024-06-25 13:44:00
"12",2024-07-01 15:16:00
"2",2023-04-19 14:20:00
"3",2023-05-10 13:51:00
"4",2024-06-03 10:50:00
"5",2024-03-13 16:51:00
"6",2024-03-19 14:51:00
"7",2024-05-08 15:31:00
"8",2024-05-23 13:38:00
"9",2024-03-06 16:25:00
